<?xml version="1.0" encoding="UTF-8" standalone="yes"?>
<addon id="repository.mtvboxs" name="MTvBoxs Repo" version="1.0.1" provider-name="MTvBoxs Repo">
	<extension point="xbmc.addon.repository" name="MTvBoxs Repository">
		<dir>
			<info compressed="false">https://raw.githubusercontent.com/noobsandnerds/modules4all/master/zips/addons.xml</info>
			<checksum>https://raw.githubusercontent.com/noobsandnerds/modules4all/master/zips/addons.xml.md5</checksum>
			<datadir zip="true">https://raw.githubusercontent.com/noobsandnerds/modules4all/master/zips/</datadir>
		</dir>
		<info compressed="false">https://raw.githubusercontent.com/mtvboxstv/repository.mtvboxs/master/zips/addons.xml</info>
		<checksum>https://raw.githubusercontent.com/mtvboxstv/repository.mtvboxs/master/zips/addons.xml.md5</checksum>
		<datadir zip="true">https://raw.githubusercontent.com/mtvboxstv/repository.mtvboxs/master/zips/</datadir>
	</extension>
	<extension point="xbmc.addon.metadata">
		<summary lang="en"></summary>
		<description lang="en"></description>
		<genre></genre>
	</extension>
</addon>